{"count":1,"self":2978.3724032,"total":10701.6066018,"children":{"AgentSendState":{"count":2005067,"self":45.6854592,"total":2788.6347929999997,"children":{"CollectObservations":{"count":1604056,"self":2.3142332,"total":2.3142332999999997,"children":null},"CollectDiscreteActionMasks":{"count":1604056,"self":2.1496188,"total":2.1496188,"children":null},"AgentInfo.ToProto":{"count":1604056,"self":12.0425272,"total":2738.4854818,"children":{"GenerateSensorData":{"count":1604056,"self":23.822008,"total":2726.4429548999997,"children":{"CameraSensor.GetCompressedObservation":{"count":1604056,"self":2702.6208767999997,"total":2702.6209461999997,"children":null}}}}}}},"DecideAction":{"count":2005067,"self":4890.5342976,"total":4890.53413,"children":null},"AgentAct":{"count":2005067,"self":30.4176032,"total":31.544425699999998,"children":{"AgentInfo.ToProto":{"count":558,"self":0.0030332,"total":1.1268221,"children":{"GenerateSensorData":{"count":558,"self":0.0121348,"total":1.1237888999999999,"children":{"CameraSensor.GetCompressedObservation":{"count":558,"self":1.1116541,"total":1.1116541,"children":null}}}}}}},"AgentInfo.ToProto":{"count":5915,"self":0.07269479999999999,"total":12.519918599999999,"children":{"GenerateSensorData":{"count":5915,"self":0.106072,"total":12.4472238,"children":{"CameraSensor.GetCompressedObservation":{"count":5915,"self":12.341152,"total":12.341151799999999,"children":null}}}}}},"gauges":{"MummyVision.CumulativeReward":{"count":6473,"max":30,"min":-1,"value":13,"weightedAverage":11.1359491}},"metadata":{"timer_format_version":"0.1.0","start_time_seconds":"1587615112","unity_version":"2019.3.9f1","command_line_arguments":"C:\\Program Files\\Unity\\Hub\\Editor\\2019.3.9f1\\Editor\\Unity.exe -projectPath C:\\Users\\medici\\Documents\\Github\\ML_Vision","communication_protocol_version":"0.16.0","com.unity.ml-agents_version":"0.15.1-preview","scene_name":"SampleScene","end_time_seconds":"1587625813"}}