{"count":1,"self":8218.988544,"total":35438.860195299996,"children":{"AgentSendState":{"count":7500201,"self":161.26638079999998,"total":9224.4882688999987,"children":{"CollectObservations":{"count":6000164,"self":8.216092,"total":8.2160923,"children":null},"CollectDiscreteActionMasks":{"count":6000164,"self":7.6345,"total":7.6344996999999992,"children":null},"AgentInfo.ToProto":{"count":6000164,"self":40.613375999999995,"total":9047.371294999999,"children":{"GenerateSensorData":{"count":6000164,"self":93.1323456,"total":9006.7579181,"children":{"CameraSensor.GetCompressedObservation":{"count":6000164,"self":8913.6259072,"total":8913.6255717,"children":null}}}}}}},"DecideAction":{"count":7500201,"self":17830.2009344,"total":17830.2002916,"children":null},"AgentAct":{"count":7500201,"self":100.89731839999999,"total":102.7672666,"children":{"AgentInfo.ToProto":{"count":911,"self":0.0100517,"total":1.869951,"children":{"GenerateSensorData":{"count":911,"self":0.0109499,"total":1.8598993,"children":{"CameraSensor.GetCompressedObservation":{"count":911,"self":1.8489494,"total":1.8489494,"children":null}}}}}}},"AgentInfo.ToProto":{"count":30667,"self":0.3305631,"total":62.4145615,"children":{"GenerateSensorData":{"count":30667,"self":0.5298913,"total":62.0839984,"children":{"CameraSensor.GetCompressedObservation":{"count":30667,"self":61.5541056,"total":61.554107099999996,"children":null}}}}}},"gauges":{"MummyVision.CumulativeReward":{"count":31578,"max":30.9991035,"min":-1.0058,"value":13.9993992,"weightedAverage":10.0042181}},"metadata":{"timer_format_version":"0.1.0","start_time_seconds":"1587630999","unity_version":"2019.3.9f1","command_line_arguments":"C:\\Program Files\\Unity\\Hub\\Editor\\2019.3.9f1\\Editor\\Unity.exe -projectPath C:\\Users\\medici\\Documents\\Github\\ML_Vision","communication_protocol_version":"0.16.0","com.unity.ml-agents_version":"0.15.1-preview","scene_name":"SampleScene","end_time_seconds":"1587666438"}}