{"count":1,"self":3552.0835583999997,"total":16539.483811,"children":{"AgentSendState":{"count":1873501,"self":79.4420032,"total":4687.2427858,"children":{"CollectObservations":{"count":3372309,"self":4.4478903999999995,"total":4.4478906,"children":null},"CollectDiscreteActionMasks":{"count":3372309,"self":4.3864912,"total":4.3864912,"children":null},"AgentInfo.ToProto":{"count":3372309,"self":19.6507968,"total":4598.9663998999995,"children":{"GenerateSensorData":{"count":3372309,"self":106.6120256,"total":4579.3156026999995,"children":{"CameraSensor.GetCompressedObservation":{"count":3372309,"self":4335.2707071999994,"total":4335.2707055,"children":null},"RayPerceptionSensor.Perceive":{"count":3372309,"self":137.43287039999998,"total":137.4328687,"children":null}}}}}}},"DecideAction":{"count":1873501,"self":8234.9899776,"total":8234.9897210999989,"children":null},"AgentAct":{"count":1873501,"self":35.195011199999996,"total":35.4818174,"children":{"AgentInfo.ToProto":{"count":151,"self":0.0009973,"total":0.2868051,"children":{"GenerateSensorData":{"count":151,"self":0.0079992999999999991,"total":0.2858078,"children":{"CameraSensor.GetCompressedObservation":{"count":151,"self":0.27382249999999997,"total":0.27382249999999997,"children":null},"RayPerceptionSensor.Perceive":{"count":151,"self":0.003986,"total":0.003986,"children":null}}}}}}},"AgentInfo.ToProto":{"count":15535,"self":0.1821805,"total":29.6850839,"children":{"GenerateSensorData":{"count":15535,"self":0.6084197,"total":29.502903399999997,"children":{"CameraSensor.GetCompressedObservation":{"count":15535,"self":28.059481599999998,"total":28.059482199999998,"children":null},"RayPerceptionSensor.Perceive":{"count":15535,"self":0.8350015,"total":0.8350015,"children":null}}}}}},"gauges":{"MummyVision.CumulativeReward":{"count":15686,"max":29.99454,"min":-1.0047,"value":1.99989986,"weightedAverage":8.487637}},"metadata":{"timer_format_version":"0.1.0","start_time_seconds":"1587686990","unity_version":"2019.3.9f1","command_line_arguments":"C:\\Program Files\\Unity\\Hub\\Editor\\2019.3.9f1\\Editor\\Unity.exe -projectPath C:\\Users\\medici\\Documents\\Github\\ML_Vision","communication_protocol_version":"0.16.0","com.unity.ml-agents_version":"0.15.1-preview","scene_name":"SampleScene","end_time_seconds":"1587703529"}}